<?xml version="1.0" encoding="UTF-8"?>
<project-private xmlns="http://www.netbeans.org/ns/project-private/1">
    <editor-bookmarks xmlns="http://www.netbeans.org/ns/editor-bookmarks/2" lastBookmarkId="0"/>
    <open-files xmlns="http://www.netbeans.org/ns/projectui-open-files/2">
        <group>
            <file>file:/home/ximana/Área%20de%20Trabalho/ExameEd/src/controller/Grafo.java</file>
            <file>file:/home/ximana/Área%20de%20Trabalho/ExameEd/src/view/Main.java</file>
            <file>file:/home/ximana/Área%20de%20Trabalho/ExameEd/src/model/Pessoa.java</file>
            <file>file:/home/ximana/Área%20de%20Trabalho/ExameEd/src/controller/Fila.java</file>
        </group>
    </open-files>
</project-private>
